experiment,nk,refractor_epsilon,pf_epsilon,cost,converged,iterations
1,100,0.0125,0.003125,0.007403271356117867,True,100
1,115,0.0125,0.003125,0.007401374073262431,True,98
1,131,0.011363636363636364,0.003125,0.007323535520690092,True,98
1,150,0.010416666666666666,0.003125,0.007244398957318246,True,96
1,172,0.009615384615384616,0.003125,0.007135796866552762,True,94
1,197,0.008928571428571428,0.003125,0.007075621668902779,True,92
1,226,0.008333333333333333,0.003125,0.006993613725785587,True,91
1,259,0.0078125,0.003125,0.006939582588694801,True,90
1,296,0.007352941176470588,0.003125,0.006896603690213126,True,89
1,340,0.006944444444444444,0.003125,0.006844088500466928,True,88
1,389,0.006578947368421052,0.003125,0.0068114365079257186,True,88
1,446,0.005952380952380952,0.003125,0.006747114818189025,True,86
1,511,0.005681818181818182,0.003125,0.006701875227251347,True,85
1,585,0.005208333333333333,0.003125,0.006632203739631981,True,83
1,670,0.005,0.003125,0.00661613456275414,True,82
1,767,0.004629629629629629,0.003125,0.006573529239419903,True,81
1,879,0.004310344827586207,0.003125,0.006537626892258024,True,80
1,1007,0.004032258064516129,0.003125,0.006506184539133069,True,79
1,1153,0.003787878787878788,0.003125,0.006474087604496718,True,78
1,1321,0.003472222222222222,0.003125,0.006436733792830235,True,76
1,1514,0.003289473684210526,0.003125,0.006417054121162422,True,75
1,1734,0.003048780487804878,0.003125,0.006384153302784045,True,74
1,1986,0.002840909090909091,0.003125,0.006357448080930635,True,72
1,2275,0.0026595744680851063,0.003125,0.0063355030193451905,True,71
1,2606,0.0024509803921568627,0.003125,0.006307545598841004,True,69
1,2986,0.0023148148148148147,0.003125,0.006292035476228566,True,68
1,3420,0.0021551724137931034,0.003125,0.0062728485097467805,True,67
1,3918,0.0020161290322580645,0.003125,0.006254716413862997,True,64
1,4488,0.001893939393939394,0.003125,0.006242050991611461,True,68
1,5141,0.0017605633802816902,0.003125,0.0062259617477723765,True,66
1,5889,0.001644736842105263,0.003125,0.006206877958363099,True,39
1,6746,0.001524390243902439,0.003125,0.006189960981103387,True,64
1,7727,0.0014367816091954023,0.003125,0.006176795349980982,True,63
1,8852,0.0013297872340425532,0.003125,0.0061630046492047496,True,58
1,10140,0.00125,0.003125,0.006152509756118561,True,60
1,11615,0.0011682242990654205,0.003125,0.006138236081153988,True,67
1,13305,0.0010869565217391304,0.003125,0.006127384898522685,True,68
1,15242,0.0010162601626016261,0.003125,0.006116991759208764,True,69
1,17459,0.000946969696969697,0.003125,0.006106703644879308,True,70
1,20000,0.0008865248226950354,0.003125,0.006097731021003182,True,70
2,100,0.003125,0.003125,0.006400088982566708,True,77
2,115,0.003125,0.003125,0.006387007085501078,True,76
2,131,0.003125,0.003125,0.006385231363299123,True,77
2,150,0.003125,0.003125,0.006374864259147558,True,77
2,172,0.003125,0.003125,0.006378392636351146,True,77
2,197,0.003125,0.003125,0.006384430954276979,True,77
2,226,0.003125,0.003125,0.006391699634225074,True,76
2,259,0.003125,0.003125,0.006382643417221872,True,76
2,296,0.003125,0.003125,0.006384307739119952,True,75
2,340,0.003125,0.003125,0.0063858644626455085,True,75
2,389,0.003125,0.003125,0.006392206018383579,True,74
2,446,0.003125,0.003125,0.00639117853037842,True,74
2,511,0.003125,0.003125,0.006390556365945136,True,74
2,585,0.003125,0.003125,0.0063871222845710935,True,74
2,670,0.003125,0.003125,0.006394031594614608,True,75
2,767,0.003125,0.003125,0.006394137575870485,True,74
2,879,0.003125,0.003125,0.006393344090960602,True,74
2,1007,0.003125,0.003125,0.006395719046029633,True,74
2,1153,0.003125,0.003125,0.006396125113325214,True,74
2,1321,0.003125,0.003125,0.006396869068647327,True,74
2,1514,0.003125,0.003125,0.006395427484466299,True,74
2,1734,0.003125,0.003125,0.006394934846175825,True,74
2,1986,0.003125,0.003125,0.006393295751428601,True,74
2,2275,0.003125,0.003125,0.006395276228404135,True,74
2,2606,0.003125,0.003125,0.006395231699884371,True,74
2,2986,0.003125,0.003125,0.006394296377795806,True,74
2,3420,0.003125,0.003125,0.00639536784007062,True,74
2,3918,0.003125,0.003125,0.006395422593368714,True,74
2,4488,0.003125,0.003125,0.00639507893183033,True,74
2,5141,0.003125,0.003125,0.006396165761792591,True,74
2,5889,0.003125,0.003125,0.0063954395547341815,True,74
2,6746,0.003125,0.003125,0.006395494480955749,True,74
2,7727,0.003125,0.003125,0.006395198067536375,True,74
2,8852,0.003125,0.003125,0.0063961758458022395,True,74
2,10140,0.003125,0.003125,0.00639604280565865,True,74
2,11615,0.003125,0.003125,0.006395173655008089,True,74
2,13305,0.003125,0.003125,0.0063954373848774575,True,74
2,15242,0.003125,0.003125,0.006395612618085069,True,74
2,17459,0.003125,0.003125,0.006394908363274034,True,74
2,20000,0.003125,0.003125,0.006395551998698289,True,74
3,1600,6.25e-05,0.003125,0.0059669007887636,True,70
3,1600,7.287851325371561e-05,0.003125,0.005969425355347259,True,70
3,1600,8.498044310515209e-05,0.003125,0.005971074901921358,True,70
3,1600,9.909197358632749e-05,0.003125,0.00597336853783183,True,70
3,1600,0.00011554681136556815,0.003125,0.005978208186087726,True,70
3,1600,0.00013473407717648226,0.003125,0.0059824168025204745,True,69
3,1600,0.00015710750766773473,0.003125,0.005986254875391129,True,69
3,1600,0.00018319618527713982,0.003125,0.00599082771426242,True,69
3,1600,0.00021361704986800313,0.003125,0.005995823258876525,True,69
3,1600,0.00024908948800039847,0.003125,0.006001044534371538,True,68
3,1600,0.00029045234484157285,0.003125,0.006008123334084069,True,68
3,1600,0.00033868376100974973,0.003125,0.006016717830006287,True,68
3,1600,0.0003949243034490774,0.003125,0.006024550460474074,True,68
3,1600,0.0004605039373300481,0.003125,0.00603333262044377,True,67
3,1600,0.0005369734768015385,0.003125,0.006046124929246986,True,67
3,1600,0.0006261412583355958,0.003125,0.006061014497402362,True,66
3,1600,0.0007301159039089434,0.003125,0.006075458968795837,True,66
3,1600,0.0008513561852764242,0.003125,0.0060921726535337496,True,65
3,1600,0.0009927291685168109,0.003125,0.006112365748964311,True,66
3,1600,0.0011575780138416416,0.003125,0.006135734932111796,True,64
3,1600,0.0013498010339834882,0.003125,0.0061646867441793275,True,61
3,1600,0.0015739438807207157,0.003125,0.006195209643542042,True,49
3,1600,0.0018353070395473493,0.003125,0.006228568381982234,True,59
3,1600,0.0021400711745006283,0.003125,0.006269813301647466,True,66
3,1600,0.002495443287275822,0.003125,0.00631286099600977,True,70
3,1600,0.002909827146970031,0.003125,0.006366995894078939,True,73
3,1600,0.003393022020743632,0.003125,0.0064284597988967474,True,76
3,1600,0.003956454404942622,0.003125,0.006498159069466968,True,78
3,1600,0.004613448236613325,0.003125,0.0065759398849567505,True,81
3,1600,0.005379539975317691,0.003125,0.0066639315337544604,True,84
3,1600,0.006272846006241336,0.003125,0.00676448440175133,True,86
3,1600,0.0073144910528700315,0.003125,0.006875614139902708,True,88
3,1600,0.008529107730252372,0.003125,0.007008667822012257,True,92
3,1600,0.009945419052185057,0.003125,0.007146415830078993,True,95
3,1600,0.011596917667334809,0.003125,0.007305439037647895,True,98
3,1600,0.013522657886737746,0.003125,0.007483481712421335,True,102
3,1600,0.015768179232385285,0.003125,0.00769105651897495,True,107
3,1600,0.01838658334678968,0.003125,0.007915115233080618,True,111
3,1600,0.021439789730072968,0.003125,0.008171548802353396,True,116
3,1600,0.025,0.003125,0.008476378755220502,True,121
