case,category,parameter,kappa,NK,k_final,source_theta_min_deg,source_theta_max_deg,source_phi_min_deg,source_phi_max_deg,target_theta_min_deg,target_theta_max_deg,target_phi_min_deg,target_phi_max_deg,max_kappa_dot,epsilon,ground_cost,sinkhorn_divergence_3d_l2,sqrt_sinkhorn_divergence_3d_l2,sinkhorn_converged,cross_iterations,source_self_iterations,target_self_iterations,mass_L2_squared,mass_L2,unique_targets,total_targets,npz
original_uniform,original,baseline,0.6,1600,320,15.0,60.0,15.0,45.0,18.0,36.0,18.0,36.0,0.5999999982016924,0.005,squared_euclidean_3d,0.0023349911220512214,0.048321745850612864,True,61,63,47,0.0033523437500000003,0.057899427890092316,796,1600,original_uniform.npz
kappa_0p25,kappa_sweep,kappa=0.25,0.25,1600,320,15.0,60.0,15.0,45.0,18.0,36.0,18.0,36.0,0.24999999925070515,0.005,squared_euclidean_3d,0.0009714268251159921,0.03116772088420955,True,67,68,47,0.016065625000000014,0.12675024654808373,449,1600,kappa_0p25.npz
kappa_0p50,kappa_sweep,kappa=0.50,0.5,1600,320,15.0,60.0,15.0,45.0,18.0,36.0,18.0,36.0,0.4999999985014103,0.005,squared_euclidean_3d,0.001150775175673963,0.03392307733201637,True,62,59,47,0.004482031250000002,0.06694797420385476,754,1600,kappa_0p50.npz
kappa_0p90,kappa_sweep,kappa=0.90,0.9,1600,320,15.0,60.0,15.0,45.0,18.0,36.0,18.0,36.0,0.8999999973025385,0.005,squared_euclidean_3d,0.01618288426915144,0.12721196590396455,True,37,50,47,0.009850000000000006,0.09924716620639606,404,1600,kappa_0p90.npz
source_phi_plus_05deg,source_phi_translation,source phi bounds +5 degrees,0.6,1600,320,15.0,60.0,20.0,50.0,18.0,36.0,18.0,36.0,0.5999999882714782,0.005,squared_euclidean_3d,0.0019438828468668363,0.04408948680657143,True,62,64,47,0.003196875,0.056540914389493206,791,1600,source_phi_plus_05deg.npz
source_phi_plus_15deg,source_phi_translation,source phi bounds +15 degrees,0.6,1600,320,15.0,60.0,30.0,60.0,18.0,36.0,18.0,36.0,0.5999999948517809,0.005,squared_euclidean_3d,0.0010326011372946576,0.03213411173962426,True,63,64,47,0.0031890625,0.056471784990382586,788,1600,source_phi_plus_15deg.npz
source_phi_plus_25deg,source_phi_translation,source phi bounds +25 degrees,0.6,1600,320,15.0,60.0,40.0,70.0,18.0,36.0,18.0,36.0,0.5984898901746549,0.005,squared_euclidean_3d,0.000456117678549613,0.02135691172781339,True,62,61,47,0.0044296875000000005,0.06655589755987068,704,1600,source_phi_plus_25deg.npz
source_theta_plus_10deg,source_theta_translation,source theta bounds +10 degrees,0.6,1600,320,25.0,70.0,15.0,45.0,18.0,36.0,18.0,36.0,0.5999999913294544,0.005,squared_euclidean_3d,0.0018379424748157323,0.04287123131909944,True,62,60,47,0.0036835937500000007,0.06069261693155108,794,1600,source_theta_plus_10deg.npz
source_theta_plus_25deg,source_theta_translation,source theta bounds +25 degrees,0.6,1600,320,40.0,85.0,15.0,45.0,18.0,36.0,18.0,36.0,0.5998089386619305,0.005,squared_euclidean_3d,0.0021918491213604938,0.04681718831113733,True,56,48,47,0.004193750000000001,0.0647591692349431,729,1600,source_theta_plus_25deg.npz
source_theta_plus_40deg,source_theta_translation,source theta bounds +40 degrees,0.6,1600,320,55.0,100.0,15.0,45.0,18.0,36.0,18.0,36.0,0.5967944375088378,0.005,squared_euclidean_3d,0.004384095791764041,0.06621250479904865,True,47,27,47,0.006588281250000003,0.08116822808217512,581,1600,source_theta_plus_40deg.npz
